acceleration,frequency
1.928945826,7.158
5.486015403,12.354
10.48356552,17.022
11.76146798,18.065
16.8535784,21.695
29.75054759,28.784
55.24208704,40.071